{
    "rf": {
        "accuracy": 0.9171125378990548,
        "precision": 0.9122961657117673,
        "recall": 0.9229534510433387,
        "f1": 0.9175938649762844,
        "confusion_matrix": [
            [
                10219,
                995
            ],
            [
                864,
                10350
            ]
        ]
    },
    "xgb": {
        "accuracy": 0.9159532726948457,
        "precision": 0.8904981163666806,
        "recall": 0.9485464597824148,
        "f1": 0.9186061574333952,
        "confusion_matrix": [
            [
                9906,
                1308
            ],
            [
                577,
                10637
            ]
        ]
    },
    "svm": {
        "accuracy": 0.8104155519885857,
        "precision": 0.8202391904323827,
        "recall": 0.7950775815944355,
        "f1": 0.807462416228944,
        "confusion_matrix": [
            [
                9260,
                1954
            ],
            [
                2298,
                8916
            ]
        ]
    }
}