{
    "rf": {
        "accuracy": 0.9920189049402532,
        "precision": 0.9981041798320845,
        "recall": 0.9859104690565365,
        "f1": 0.9919698533040241,
        "confusion_matrix": [
            [
                11193,
                21
            ],
            [
                158,
                11056
            ]
        ]
    },
    "xgb": {
        "accuracy": 0.9922418405564473,
        "precision": 0.9991861096039066,
        "recall": 0.9852862493311931,
        "f1": 0.9921875,
        "confusion_matrix": [
            [
                11205,
                9
            ],
            [
                165,
                11049
            ]
        ]
    },
    "svm": {
        "accuracy": 0.9192973069377564,
        "precision": 0.9984100063599746,
        "recall": 0.839932227572677,
        "f1": 0.912340178225494,
        "confusion_matrix": [
            [
                11199,
                15
            ],
            [
                1795,
                9419
            ]
        ]
    }
}